HeartRate,WalkingRate,Activity
167,153,Running
101,98,Light Walking
40,62,Sedentary
171,158,Running
151,139,Jogging
46,81,Sedentary
40,1,Sedentary
185,178,High-Intensity Running/Sprinting
97,100,Light Walking
69,108,Light Walking
44,64,Sedentary
51,76,Sedentary
167,155,Running
120,122,Brisk Walking
42,4,Sedentary
115,98,Light Walking
101,99,Light Walking
147,135,Jogging
98,107,Light Walking
134,124,Brisk Walking
175,148,Running
125,110,Brisk Walking
152,139,Jogging
148,131,Jogging
135,113,Brisk Walking
161,153,Running
48,74,Sedentary
85,107,Light Walking
154,130,Jogging
198,160,High-Intensity Running/Sprinting
110,107,Light Walking
72,102,Light Walking
41,14,Sedentary
177,158,Running
149,130,Jogging
43,35,Sedentary
123,113,Brisk Walking
47,9,Sedentary
171,141,Running
56,4,Sedentary
44,28,Sedentary
134,121,Brisk Walking
192,169,High-Intensity Running/Sprinting
125,126,Brisk Walking
179,140,Running
44,25,Sedentary
124,119,Brisk Walking
176,141,Running
130,110,Brisk Walking
180,164,High-Intensity Running/Sprinting
147,137,Jogging
163,146,Running
156,137,Jogging
199,164,High-Intensity Running/Sprinting
162,142,Running
105,104,Light Walking
65,93,Light Walking
155,135,Jogging
136,129,Brisk Walking
172,157,Running
194,172,High-Intensity Running/Sprinting
150,137,Jogging
111,106,Light Walking
95,109,Light Walking
122,110,Brisk Walking
76,105,Light Walking
185,173,High-Intensity Running/Sprinting
180,178,High-Intensity Running/Sprinting
115,97,Light Walking
75,90,Light Walking
185,176,High-Intensity Running/Sprinting
136,129,Brisk Walking
51,6,Sedentary
174,153,Running
191,166,High-Intensity Running/Sprinting
132,119,Brisk Walking
55,60,Sedentary
82,90,Light Walking
127,119,Brisk Walking
147,137,Jogging
164,143,Running
157,138,Jogging
45,10,Sedentary
131,118,Brisk Walking
54,48,Sedentary
41,44,Sedentary
164,146,Running
153,134,Jogging
129,110,Brisk Walking
97,90,Light Walking
158,137,Jogging
161,149,Running
89,94,Light Walking
136,115,Brisk Walking
56,62,Sedentary
193,174,High-Intensity Running/Sprinting
127,117,Brisk Walking
156,132,Jogging
74,107,Light Walking
142,135,Jogging
171,145,Running
146,136,Jogging
154,132,Jogging
174,154,Running
56,37,Sedentary
155,137,Jogging
128,114,Brisk Walking
188,161,High-Intensity Running/Sprinting
148,136,Jogging
125,116,Brisk Walking
197,167,High-Intensity Running/Sprinting
48,81,Sedentary
105,102,Light Walking
159,133,Jogging
52,41,Sedentary
183,163,High-Intensity Running/Sprinting
47,63,Sedentary
192,164,High-Intensity Running/Sprinting
41,56,Sedentary
140,135,Jogging
143,137,Jogging
196,167,High-Intensity Running/Sprinting
57,45,Sedentary
58,27,Sedentary
170,158,Running
190,178,High-Intensity Running/Sprinting
137,114,Brisk Walking
66,109,Light Walking
155,135,Jogging
108,105,Light Walking
126,126,Brisk Walking
94,102,Light Walking
46,6,Sedentary
144,130,Jogging
64,102,Light Walking
105,109,Light Walking
130,124,Brisk Walking
180,172,High-Intensity Running/Sprinting
123,117,Brisk Walking
119,98,Light Walking
183,166,High-Intensity Running/Sprinting
194,169,High-Intensity Running/Sprinting
162,156,Running
142,136,Jogging
69,93,Light Walking
97,99,Light Walking
118,100,Light Walking
147,134,Jogging
152,131,Jogging
199,161,High-Intensity Running/Sprinting
186,171,High-Intensity Running/Sprinting
43,73,Sedentary
120,110,Brisk Walking
112,98,Light Walking
188,174,High-Intensity Running/Sprinting
130,124,Brisk Walking
150,136,Jogging
53,7,Sedentary
54,42,Sedentary
97,98,Light Walking
164,158,Running
94,107,Light Walking
64,96,Light Walking
141,133,Jogging
56,53,Sedentary
70,95,Light Walking
52,14,Sedentary
80,91,Light Walking
152,137,Jogging
163,159,Running
129,117,Brisk Walking
150,134,Jogging
131,114,Brisk Walking
160,149,Running
41,42,Sedentary
109,103,Light Walking
45,48,Sedentary
78,104,Light Walking
175,149,Running
180,179,High-Intensity Running/Sprinting
153,133,Jogging
164,143,Running
187,166,High-Intensity Running/Sprinting
108,99,Light Walking
171,148,Running
154,139,Jogging
42,23,Sedentary
191,177,High-Intensity Running/Sprinting
124,128,Brisk Walking
62,91,Light Walking
169,151,Running
151,139,Jogging
147,130,Jogging
43,66,Sedentary
58,65,Sedentary
59,34,Sedentary
52,86,Sedentary
163,151,Running
193,169,High-Intensity Running/Sprinting
173,142,Running
41,58,Sedentary
144,133,Jogging
186,168,High-Intensity Running/Sprinting
63,100,Light Walking
44,82,Sedentary
149,139,Jogging
128,116,Brisk Walking
54,54,Sedentary
40,43,Sedentary
136,111,Brisk Walking
125,115,Brisk Walking
139,118,Brisk Walking
40,17,Sedentary
158,135,Jogging
56,41,Sedentary
42,52,Sedentary
66,105,Light Walking
153,130,Jogging
150,135,Jogging
122,117,Brisk Walking
155,139,Jogging
72,109,Light Walking
123,123,Brisk Walking
175,144,Running
165,157,Running
184,162,High-Intensity Running/Sprinting
58,2,Sedentary
130,111,Brisk Walking
56,4,Sedentary
124,116,Brisk Walking
151,131,Jogging
168,149,Running
180,169,High-Intensity Running/Sprinting
179,150,Running
168,141,Running
60,108,Light Walking
172,143,Running
181,164,High-Intensity Running/Sprinting
197,168,High-Intensity Running/Sprinting
180,176,High-Intensity Running/Sprinting
186,175,High-Intensity Running/Sprinting
190,172,High-Intensity Running/Sprinting
128,115,Brisk Walking
176,140,Running
171,147,Running
177,157,Running
44,16,Sedentary
132,124,Brisk Walking
121,111,Brisk Walking
174,144,Running
124,129,Brisk Walking
178,143,Running
183,174,High-Intensity Running/Sprinting
181,165,High-Intensity Running/Sprinting
151,137,Jogging
169,159,Running
154,134,Jogging
42,31,Sedentary
47,84,Sedentary
48,64,Sedentary
138,114,Brisk Walking
144,131,Jogging
157,136,Jogging
171,153,Running
102,109,Light Walking
77,108,Light Walking
111,100,Light Walking
171,155,Running
135,113,Brisk Walking
172,156,Running
80,103,Light Walking
55,17,Sedentary
179,159,Running
57,63,Sedentary
133,126,Brisk Walking
150,138,Jogging
192,178,High-Intensity Running/Sprinting
81,95,Light Walking
190,163,High-Intensity Running/Sprinting
76,91,Light Walking
84,100,Light Walking
147,133,Jogging
149,135,Jogging
170,150,Running
143,131,Jogging
163,152,Running
83,90,Light Walking
147,137,Jogging
141,134,Jogging
169,150,Running
193,167,High-Intensity Running/Sprinting
55,52,Sedentary
140,130,Jogging
147,130,Jogging
146,131,Jogging
130,113,Brisk Walking
180,166,High-Intensity Running/Sprinting
156,133,Jogging
164,150,Running
181,177,High-Intensity Running/Sprinting
181,178,High-Intensity Running/Sprinting
179,144,Running
184,163,High-Intensity Running/Sprinting
116,93,Light Walking
149,133,Jogging
160,145,Running
177,155,Running
52,18,Sedentary
46,57,Sedentary
136,111,Brisk Walking
130,116,Brisk Walking
169,152,Running
192,179,High-Intensity Running/Sprinting
67,92,Light Walking
147,135,Jogging
162,148,Running
195,166,High-Intensity Running/Sprinting
137,120,Brisk Walking
43,49,Sedentary
66,94,Light Walking
151,135,Jogging
145,135,Jogging
154,137,Jogging
53,27,Sedentary
70,97,Light Walking
150,133,Jogging
189,163,High-Intensity Running/Sprinting
44,23,Sedentary
196,177,High-Intensity Running/Sprinting
162,148,Running
127,115,Brisk Walking
108,101,Light Walking
124,118,Brisk Walking
54,63,Sedentary
49,49,Sedentary
165,156,Running
144,136,Jogging
110,90,Light Walking
56,63,Sedentary
43,11,Sedentary
174,151,Running
169,155,Running
80,91,Light Walking
93,108,Light Walking
150,130,Jogging
157,131,Jogging
50,22,Sedentary
122,113,Brisk Walking
196,173,High-Intensity Running/Sprinting
75,96,Light Walking
120,112,Brisk Walking
153,134,Jogging
90,102,Light Walking
170,142,Running
185,167,High-Intensity Running/Sprinting
123,119,Brisk Walking
197,161,High-Intensity Running/Sprinting
175,154,Running
192,175,High-Intensity Running/Sprinting
56,68,Sedentary
154,132,Jogging
132,124,Brisk Walking
49,32,Sedentary
82,107,Light Walking
142,130,Jogging
158,135,Jogging
152,138,Jogging
197,173,High-Intensity Running/Sprinting
181,162,High-Intensity Running/Sprinting
178,156,Running
112,102,Light Walking
132,120,Brisk Walking
158,137,Jogging
97,104,Light Walking
171,152,Running
103,107,Light Walking
151,139,Jogging
143,131,Jogging
174,148,Running
199,172,High-Intensity Running/Sprinting
143,139,Jogging
139,114,Brisk Walking
51,62,Sedentary
45,54,Sedentary
165,149,Running
119,98,Light Walking
89,92,Light Walking
145,134,Jogging
189,171,High-Intensity Running/Sprinting
133,113,Brisk Walking
174,140,Running
45,27,Sedentary
127,120,Brisk Walking
86,102,Light Walking
51,54,Sedentary
128,110,Brisk Walking
175,149,Running
85,104,Light Walking
155,138,Jogging
176,151,Running
56,46,Sedentary
178,147,Running
167,148,Running
98,97,Light Walking
52,57,Sedentary
185,162,High-Intensity Running/Sprinting
169,156,Running
190,169,High-Intensity Running/Sprinting
191,169,High-Intensity Running/Sprinting
121,110,Brisk Walking
171,158,Running
134,115,Brisk Walking
148,137,Jogging
174,154,Running
181,174,High-Intensity Running/Sprinting
122,116,Brisk Walking
147,130,Jogging
87,100,Light Walking
96,96,Light Walking
96,101,Light Walking
108,101,Light Walking
50,6,Sedentary
50,28,Sedentary
140,132,Jogging
157,138,Jogging
46,48,Sedentary
55,89,Sedentary
71,95,Light Walking
42,0,Sedentary
160,151,Running
80,91,Light Walking
140,137,Jogging
145,135,Jogging
141,139,Jogging
111,106,Light Walking
124,124,Brisk Walking
140,137,Jogging
172,154,Running
44,57,Sedentary
102,97,Light Walking
43,33,Sedentary
157,135,Jogging
59,47,Sedentary
101,96,Light Walking
174,145,Running
62,99,Light Walking
154,130,Jogging
133,127,Brisk Walking
52,85,Sedentary
166,156,Running
91,90,Light Walking
140,136,Jogging
46,66,Sedentary
162,155,Running
134,113,Brisk Walking
176,154,Running
40,49,Sedentary
147,137,Jogging
143,130,Jogging
122,115,Brisk Walking
148,138,Jogging
135,129,Brisk Walking
77,95,Light Walking
156,138,Jogging
80,91,Light Walking
89,93,Light Walking
42,52,Sedentary
174,158,Running
150,133,Jogging
134,113,Brisk Walking
74,91,Light Walking
158,138,Jogging
50,59,Sedentary
76,91,Light Walking
184,175,High-Intensity Running/Sprinting
139,121,Brisk Walking
52,55,Sedentary
129,111,Brisk Walking
173,148,Running
84,91,Light Walking
147,133,Jogging
154,139,Jogging
58,88,Sedentary
139,118,Brisk Walking
90,93,Light Walking
147,136,Jogging
133,118,Brisk Walking
114,104,Light Walking
172,143,Running
51,51,Sedentary
71,106,Light Walking
65,106,Light Walking
43,20,Sedentary
125,111,Brisk Walking
164,148,Running
185,175,High-Intensity Running/Sprinting
191,160,High-Intensity Running/Sprinting
96,109,Light Walking
64,93,Light Walking
190,177,High-Intensity Running/Sprinting
54,66,Sedentary
181,166,High-Intensity Running/Sprinting
175,141,Running
176,148,Running
59,70,Sedentary
170,140,Running
189,176,High-Intensity Running/Sprinting
141,134,Jogging
137,127,Brisk Walking
122,123,Brisk Walking
176,157,Running
44,34,Sedentary
186,171,High-Intensity Running/Sprinting
57,1,Sedentary
58,72,Sedentary
100,90,Light Walking
155,133,Jogging
168,157,Running
54,70,Sedentary
188,174,High-Intensity Running/Sprinting
46,51,Sedentary
157,131,Jogging
186,168,High-Intensity Running/Sprinting
190,164,High-Intensity Running/Sprinting
131,125,Brisk Walking
119,107,Light Walking
189,161,High-Intensity Running/Sprinting
42,55,Sedentary
82,91,Light Walking
151,133,Jogging
185,177,High-Intensity Running/Sprinting
177,140,Running
159,130,Jogging
57,44,Sedentary
121,121,Brisk Walking
109,98,Light Walking
45,7,Sedentary
54,1,Sedentary
142,139,Jogging
128,122,Brisk Walking
196,175,High-Intensity Running/Sprinting
40,76,Sedentary
56,4,Sedentary
181,179,High-Intensity Running/Sprinting
41,43,Sedentary
82,108,Light Walking
144,135,Jogging
46,71,Sedentary
166,154,Running
191,164,High-Intensity Running/Sprinting
157,131,Jogging
135,116,Brisk Walking
149,131,Jogging
138,112,Brisk Walking
169,152,Running
198,171,High-Intensity Running/Sprinting
170,143,Running
133,111,Brisk Walking
63,101,Light Walking
185,160,High-Intensity Running/Sprinting
107,91,Light Walking
88,91,Light Walking
105,95,Light Walking
189,176,High-Intensity Running/Sprinting
164,158,Running
117,96,Light Walking
132,112,Brisk Walking
164,145,Running
170,146,Running
136,113,Brisk Walking
79,100,Light Walking
69,107,Light Walking
168,150,Running
132,126,Brisk Walking
161,146,Running
58,21,Sedentary
171,142,Running
174,157,Running
53,50,Sedentary
45,18,Sedentary
177,147,Running
99,106,Light Walking
126,126,Brisk Walking
145,132,Jogging
114,95,Light Walking
118,107,Light Walking
191,179,High-Intensity Running/Sprinting
152,131,Jogging
183,163,High-Intensity Running/Sprinting
181,168,High-Intensity Running/Sprinting
104,100,Light Walking
145,137,Jogging
193,162,High-Intensity Running/Sprinting
148,139,Jogging
59,38,Sedentary
104,96,Light Walking
192,167,High-Intensity Running/Sprinting
172,155,Running
110,102,Light Walking
173,141,Running
133,129,Brisk Walking
177,149,Running
51,29,Sedentary
176,152,Running
192,160,High-Intensity Running/Sprinting
140,138,Jogging
134,129,Brisk Walking
45,46,Sedentary
188,171,High-Intensity Running/Sprinting
127,124,Brisk Walking
170,151,Running
113,106,Light Walking
98,107,Light Walking
152,133,Jogging
112,98,Light Walking
166,146,Running
137,113,Brisk Walking
144,138,Jogging
176,148,Running
195,167,High-Intensity Running/Sprinting
186,166,High-Intensity Running/Sprinting
144,130,Jogging
137,115,Brisk Walking
89,108,Light Walking
167,141,Running
92,104,Light Walking
186,167,High-Intensity Running/Sprinting
151,138,Jogging
52,48,Sedentary
138,121,Brisk Walking
123,122,Brisk Walking
57,63,Sedentary
181,166,High-Intensity Running/Sprinting
138,127,Brisk Walking
173,157,Running
190,163,High-Intensity Running/Sprinting
165,156,Running
89,109,Light Walking
153,136,Jogging
162,147,Running
41,89,Sedentary
59,70,Sedentary
41,40,Sedentary
60,101,Light Walking
182,164,High-Intensity Running/Sprinting
158,132,Jogging
94,106,Light Walking
151,139,Jogging
155,135,Jogging
46,18,Sedentary
162,159,Running
138,120,Brisk Walking
132,111,Brisk Walking
127,117,Brisk Walking
150,136,Jogging
130,127,Brisk Walking
147,135,Jogging
152,134,Jogging
195,175,High-Intensity Running/Sprinting
140,139,Jogging
183,172,High-Intensity Running/Sprinting
95,97,Light Walking
158,130,Jogging
149,131,Jogging
83,90,Light Walking
133,128,Brisk Walking
139,115,Brisk Walking
130,123,Brisk Walking
53,13,Sedentary
131,121,Brisk Walking
48,74,Sedentary
123,118,Brisk Walking
147,133,Jogging
53,24,Sedentary
82,98,Light Walking
173,146,Running
46,22,Sedentary
128,123,Brisk Walking
185,177,High-Intensity Running/Sprinting
155,130,Jogging
148,134,Jogging
161,144,Running
156,139,Jogging
148,139,Jogging
81,93,Light Walking
126,121,Brisk Walking
102,109,Light Walking
163,147,Running
146,131,Jogging
156,135,Jogging
125,116,Brisk Walking
171,158,Running
168,154,Running
155,131,Jogging
171,154,Running
133,110,Brisk Walking
161,148,Running
69,90,Light Walking
191,168,High-Intensity Running/Sprinting
47,79,Sedentary
199,171,High-Intensity Running/Sprinting
99,107,Light Walking
130,120,Brisk Walking
103,96,Light Walking
136,121,Brisk Walking
166,148,Running
66,95,Light Walking
158,137,Jogging
140,137,Jogging
163,141,Running
106,101,Light Walking
58,80,Sedentary
103,107,Light Walking
137,124,Brisk Walking
176,154,Running
143,133,Jogging
163,146,Running
189,160,High-Intensity Running/Sprinting
170,146,Running
65,105,Light Walking
100,101,Light Walking
143,139,Jogging
53,76,Sedentary
199,176,High-Intensity Running/Sprinting
164,154,Running
60,97,Light Walking
190,167,High-Intensity Running/Sprinting
77,102,Light Walking
171,147,Running
119,94,Light Walking
192,179,High-Intensity Running/Sprinting
52,35,Sedentary
198,173,High-Intensity Running/Sprinting
41,68,Sedentary
149,131,Jogging
125,119,Brisk Walking
104,97,Light Walking
136,125,Brisk Walking
164,145,Running
177,153,Running
134,117,Brisk Walking
142,132,Jogging
128,120,Brisk Walking
160,157,Running
138,119,Brisk Walking
51,0,Sedentary
156,132,Jogging
46,87,Sedentary
164,155,Running
171,154,Running
190,176,High-Intensity Running/Sprinting
130,119,Brisk Walking
123,115,Brisk Walking
45,16,Sedentary
160,154,Running
80,93,Light Walking
144,134,Jogging
152,132,Jogging
58,49,Sedentary
154,139,Jogging
156,137,Jogging
100,109,Light Walking
133,129,Brisk Walking
184,175,High-Intensity Running/Sprinting
151,137,Jogging
110,95,Light Walking
140,137,Jogging
131,127,Brisk Walking
94,102,Light Walking
190,172,High-Intensity Running/Sprinting
122,120,Brisk Walking
52,78,Sedentary
176,142,Running
176,140,Running
166,149,Running
168,140,Running
190,161,High-Intensity Running/Sprinting
194,172,High-Intensity Running/Sprinting
123,126,Brisk Walking
186,160,High-Intensity Running/Sprinting
115,94,Light Walking
152,138,Jogging
53,68,Sedentary
136,110,Brisk Walking
138,129,Brisk Walking
53,83,Sedentary
140,132,Jogging
167,150,Running
164,152,Running
106,103,Light Walking
131,110,Brisk Walking
165,142,Running
182,163,High-Intensity Running/Sprinting
54,57,Sedentary
129,117,Brisk Walking
173,140,Running
130,116,Brisk Walking
51,26,Sedentary
164,142,Running
143,130,Jogging
49,4,Sedentary
140,130,Jogging
125,120,Brisk Walking
199,168,High-Intensity Running/Sprinting
177,144,Running
90,91,Light Walking
174,144,Running
135,123,Brisk Walking
120,112,Brisk Walking
149,138,Jogging
56,27,Sedentary
115,106,Light Walking
103,98,Light Walking
189,162,High-Intensity Running/Sprinting
161,146,Running
137,112,Brisk Walking
158,135,Jogging
139,112,Brisk Walking
126,115,Brisk Walking
166,150,Running
53,64,Sedentary
157,135,Jogging
187,177,High-Intensity Running/Sprinting
62,109,Light Walking
124,121,Brisk Walking
83,107,Light Walking
185,169,High-Intensity Running/Sprinting
199,177,High-Intensity Running/Sprinting
153,136,Jogging
167,144,Running
162,144,Running
182,175,High-Intensity Running/Sprinting
126,118,Brisk Walking
167,156,Running
175,156,Running
124,118,Brisk Walking
48,78,Sedentary
196,168,High-Intensity Running/Sprinting
197,172,High-Intensity Running/Sprinting
189,162,High-Intensity Running/Sprinting
164,148,Running
138,113,Brisk Walking
132,119,Brisk Walking
148,137,Jogging
163,152,Running
48,86,Sedentary
167,148,Running
104,105,Light Walking
148,132,Jogging
117,103,Light Walking
182,179,High-Intensity Running/Sprinting
71,100,Light Walking
192,164,High-Intensity Running/Sprinting
163,155,Running
160,140,Running
58,64,Sedentary
43,21,Sedentary
184,178,High-Intensity Running/Sprinting
157,135,Jogging
123,110,Brisk Walking
87,104,Light Walking
59,71,Sedentary
71,108,Light Walking
126,124,Brisk Walking
145,134,Jogging
175,158,Running
185,170,High-Intensity Running/Sprinting
155,138,Jogging
161,148,Running
163,151,Running
185,177,High-Intensity Running/Sprinting
150,139,Jogging
172,151,Running
171,155,Running
144,136,Jogging
147,136,Jogging
137,115,Brisk Walking
199,172,High-Intensity Running/Sprinting
175,156,Running
141,133,Jogging
156,130,Jogging
121,120,Brisk Walking
159,133,Jogging
112,99,Light Walking
86,92,Light Walking
180,165,High-Intensity Running/Sprinting
121,123,Brisk Walking
198,167,High-Intensity Running/Sprinting
144,136,Jogging
67,92,Light Walking
106,105,Light Walking
188,177,High-Intensity Running/Sprinting
176,156,Running
135,125,Brisk Walking
157,139,Jogging
125,111,Brisk Walking
153,136,Jogging
54,49,Sedentary
198,174,High-Intensity Running/Sprinting
150,137,Jogging
196,178,High-Intensity Running/Sprinting
196,172,High-Intensity Running/Sprinting
138,128,Brisk Walking
50,9,Sedentary
185,163,High-Intensity Running/Sprinting
197,174,High-Intensity Running/Sprinting
183,172,High-Intensity Running/Sprinting
152,137,Jogging
157,130,Jogging
182,175,High-Intensity Running/Sprinting
58,60,Sedentary
171,159,Running
128,111,Brisk Walking
172,142,Running
122,121,Brisk Walking
149,132,Jogging
177,147,Running
55,22,Sedentary
56,6,Sedentary
81,101,Light Walking
187,169,High-Intensity Running/Sprinting
189,179,High-Intensity Running/Sprinting
176,158,Running
56,61,Sedentary
47,25,Sedentary
128,118,Brisk Walking
43,77,Sedentary
152,136,Jogging
138,120,Brisk Walking
65,106,Light Walking
77,92,Light Walking
155,132,Jogging
117,101,Light Walking
154,137,Jogging
196,169,High-Intensity Running/Sprinting
97,94,Light Walking
175,158,Running
128,113,Brisk Walking
156,137,Jogging
47,58,Sedentary
155,136,Jogging
139,121,Brisk Walking
101,94,Light Walking
131,114,Brisk Walking
44,6,Sedentary
161,143,Running
97,109,Light Walking
143,137,Jogging
155,138,Jogging
193,169,High-Intensity Running/Sprinting
75,97,Light Walking
153,139,Jogging
166,142,Running
157,131,Jogging
192,177,High-Intensity Running/Sprinting
194,162,High-Intensity Running/Sprinting
120,113,Brisk Walking
179,157,Running
187,163,High-Intensity Running/Sprinting
46,58,Sedentary
135,121,Brisk Walking
124,118,Brisk Walking
92,95,Light Walking
100,91,Light Walking
165,150,Running
124,116,Brisk Walking
48,12,Sedentary
193,166,High-Intensity Running/Sprinting
149,135,Jogging
126,113,Brisk Walking
185,163,High-Intensity Running/Sprinting
54,74,Sedentary
77,96,Light Walking
138,124,Brisk Walking
74,91,Light Walking
142,137,Jogging
167,158,Running
55,27,Sedentary
106,98,Light Walking
108,99,Light Walking
192,178,High-Intensity Running/Sprinting
168,154,Running
160,145,Running
61,97,Light Walking
136,120,Brisk Walking
164,157,Running
176,153,Running
142,131,Jogging
134,118,Brisk Walking
134,116,Brisk Walking
77,101,Light Walking
157,131,Jogging
144,133,Jogging
145,136,Jogging
191,164,High-Intensity Running/Sprinting
131,129,Brisk Walking
141,137,Jogging
131,112,Brisk Walking
177,149,Running
46,54,Sedentary
128,124,Brisk Walking
192,178,High-Intensity Running/Sprinting
117,104,Light Walking
198,170,High-Intensity Running/Sprinting
180,172,High-Intensity Running/Sprinting
78,92,Light Walking
130,121,Brisk Walking
48,70,Sedentary
63,96,Light Walking
138,112,Brisk Walking
45,39,Sedentary
188,168,High-Intensity Running/Sprinting
52,32,Sedentary
140,136,Jogging
97,91,Light Walking
165,155,Running
133,114,Brisk Walking
146,138,Jogging
181,170,High-Intensity Running/Sprinting
124,122,Brisk Walking
147,137,Jogging
170,158,Running
149,133,Jogging
137,114,Brisk Walking
148,136,Jogging
83,102,Light Walking
70,91,Light Walking
124,129,Brisk Walking
44,39,Sedentary
97,102,Light Walking
93,103,Light Walking
63,105,Light Walking
128,123,Brisk Walking
108,98,Light Walking
44,57,Sedentary
191,168,High-Intensity Running/Sprinting
169,153,Running
173,146,Running
131,119,Brisk Walking
151,139,Jogging
77,91,Light Walking
159,132,Jogging
141,138,Jogging
94,92,Light Walking
123,124,Brisk Walking
157,136,Jogging
162,145,Running
46,41,Sedentary
163,152,Running
123,118,Brisk Walking
176,153,Running
56,12,Sedentary
63,106,Light Walking
166,157,Running
149,136,Jogging
87,95,Light Walking
191,169,High-Intensity Running/Sprinting
164,148,Running
184,178,High-Intensity Running/Sprinting
136,126,Brisk Walking
147,139,Jogging
100,95,Light Walking
145,137,Jogging
146,131,Jogging
188,177,High-Intensity Running/Sprinting
168,152,Running
114,90,Light Walking
161,158,Running
90,93,Light Walking
198,170,High-Intensity Running/Sprinting
89,107,Light Walking
102,104,Light Walking
150,131,Jogging
184,162,High-Intensity Running/Sprinting
159,131,Jogging
135,121,Brisk Walking
70,95,Light Walking
161,152,Running
49,60,Sedentary
198,175,High-Intensity Running/Sprinting
58,56,Sedentary
154,138,Jogging
140,135,Jogging
179,141,Running
121,128,Brisk Walking
165,144,Running
184,177,High-Intensity Running/Sprinting
132,119,Brisk Walking
144,132,Jogging
142,130,Jogging
118,102,Light Walking
127,124,Brisk Walking
145,135,Jogging
161,146,Running
175,154,Running
54,57,Sedentary
123,126,Brisk Walking
177,148,Running
166,157,Running
76,102,Light Walking
140,134,Jogging
116,96,Light Walking
71,108,Light Walking
43,76,Sedentary
194,170,High-Intensity Running/Sprinting
143,133,Jogging
168,148,Running
132,129,Brisk Walking
124,123,Brisk Walking
125,124,Brisk Walking
59,75,Sedentary
159,139,Jogging
180,176,High-Intensity Running/Sprinting
55,51,Sedentary
80,95,Light Walking
142,134,Jogging
170,146,Running
98,95,Light Walking
128,123,Brisk Walking
174,140,Running
47,34,Sedentary
85,96,Light Walking
63,102,Light Walking
50,69,Sedentary
157,135,Jogging
117,108,Light Walking
137,125,Brisk Walking
180,175,High-Intensity Running/Sprinting
81,109,Light Walking
41,53,Sedentary
198,178,High-Intensity Running/Sprinting
123,119,Brisk Walking
98,100,Light Walking
40,41,Sedentary
182,176,High-Intensity Running/Sprinting
196,175,High-Intensity Running/Sprinting
173,150,Running
122,111,Brisk Walking
180,171,High-Intensity Running/Sprinting
124,112,Brisk Walking
123,117,Brisk Walking
141,138,Jogging
129,126,Brisk Walking
46,9,Sedentary
60,109,Light Walking
145,133,Jogging
165,141,Running
179,153,Running
140,137,Jogging
171,143,Running
132,122,Brisk Walking
175,147,Running
123,114,Brisk Walking
173,147,Running
187,173,High-Intensity Running/Sprinting
181,160,High-Intensity Running/Sprinting
146,133,Jogging
65,92,Light Walking
157,137,Jogging
169,149,Running
162,152,Running
44,86,Sedentary
147,131,Jogging
197,162,High-Intensity Running/Sprinting
185,171,High-Intensity Running/Sprinting
47,47,Sedentary
194,161,High-Intensity Running/Sprinting
126,113,Brisk Walking
144,132,Jogging
192,170,High-Intensity Running/Sprinting
44,24,Sedentary
195,178,High-Intensity Running/Sprinting
196,169,High-Intensity Running/Sprinting
184,174,High-Intensity Running/Sprinting
45,15,Sedentary
42,38,Sedentary
53,70,Sedentary
178,159,Running
183,162,High-Intensity Running/Sprinting
180,174,High-Intensity Running/Sprinting
194,167,High-Intensity Running/Sprinting
197,178,High-Intensity Running/Sprinting
120,122,Brisk Walking
154,132,Jogging
44,88,Sedentary
45,6,Sedentary
68,109,Light Walking
145,138,Jogging
68,94,Light Walking
145,137,Jogging
157,131,Jogging
153,136,Jogging
197,167,High-Intensity Running/Sprinting
198,175,High-Intensity Running/Sprinting
192,161,High-Intensity Running/Sprinting
63,100,Light Walking
54,56,Sedentary
47,33,Sedentary
139,121,Brisk Walking
181,161,High-Intensity Running/Sprinting
174,150,Running
124,111,Brisk Walking
196,166,High-Intensity Running/Sprinting
199,165,High-Intensity Running/Sprinting
121,126,Brisk Walking
190,172,High-Intensity Running/Sprinting
120,126,Brisk Walking
60,97,Light Walking
49,58,Sedentary
179,152,Running
191,168,High-Intensity Running/Sprinting
180,179,High-Intensity Running/Sprinting
170,146,Running
133,120,Brisk Walking
59,73,Sedentary
157,138,Jogging
55,59,Sedentary
171,142,Running
194,171,High-Intensity Running/Sprinting
156,137,Jogging
183,175,High-Intensity Running/Sprinting
198,171,High-Intensity Running/Sprinting
163,158,Running
184,170,High-Intensity Running/Sprinting
171,151,Running
124,112,Brisk Walking
135,122,Brisk Walking
40,44,Sedentary
137,126,Brisk Walking
124,112,Brisk Walking
59,31,Sedentary
180,175,High-Intensity Running/Sprinting
160,152,Running
97,97,Light Walking
187,161,High-Intensity Running/Sprinting
139,114,Brisk Walking
169,154,Running
195,161,High-Intensity Running/Sprinting
131,120,Brisk Walking
48,56,Sedentary
174,146,Running
96,96,Light Walking
191,170,High-Intensity Running/Sprinting
169,153,Running
197,162,High-Intensity Running/Sprinting
126,122,Brisk Walking
122,119,Brisk Walking
128,113,Brisk Walking
184,166,High-Intensity Running/Sprinting
142,133,Jogging
45,40,Sedentary
59,5,Sedentary
132,110,Brisk Walking
47,0,Sedentary
131,110,Brisk Walking
197,162,High-Intensity Running/Sprinting
146,130,Jogging
50,23,Sedentary
177,141,Running
162,159,Running
188,177,High-Intensity Running/Sprinting
143,134,Jogging
57,51,Sedentary
55,23,Sedentary
161,145,Running
130,111,Brisk Walking
181,179,High-Intensity Running/Sprinting
198,161,High-Intensity Running/Sprinting
120,115,Brisk Walking
122,114,Brisk Walking
160,148,Running
188,169,High-Intensity Running/Sprinting
88,107,Light Walking
192,165,High-Intensity Running/Sprinting
197,165,High-Intensity Running/Sprinting
197,168,High-Intensity Running/Sprinting
170,156,Running
136,113,Brisk Walking
129,122,Brisk Walking
89,95,Light Walking
61,103,Light Walking
168,155,Running
168,146,Running
162,141,Running
140,137,Jogging
123,125,Brisk Walking
162,154,Running
147,139,Jogging
121,120,Brisk Walking
162,141,Running
54,77,Sedentary
142,133,Jogging
117,103,Light Walking
49,9,Sedentary
145,139,Jogging
51,16,Sedentary
53,62,Sedentary
159,134,Jogging
198,168,High-Intensity Running/Sprinting
53,54,Sedentary
176,140,Running
182,164,High-Intensity Running/Sprinting
187,177,High-Intensity Running/Sprinting
58,16,Sedentary
164,144,Running
144,137,Jogging
54,68,Sedentary
42,16,Sedentary
136,111,Brisk Walking
150,138,Jogging
46,62,Sedentary
128,113,Brisk Walking
141,134,Jogging
84,90,Light Walking
136,111,Brisk Walking
43,86,Sedentary
47,60,Sedentary
166,158,Running
191,168,High-Intensity Running/Sprinting
198,177,High-Intensity Running/Sprinting
181,174,High-Intensity Running/Sprinting
46,49,Sedentary
70,108,Light Walking
73,100,Light Walking
117,95,Light Walking
167,144,Running
172,156,Running
193,162,High-Intensity Running/Sprinting
56,4,Sedentary
191,178,High-Intensity Running/Sprinting
43,58,Sedentary
130,126,Brisk Walking
47,1,Sedentary
168,146,Running
55,0,Sedentary
97,104,Light Walking
45,72,Sedentary
81,95,Light Walking
104,91,Light Walking
153,137,Jogging
87,106,Light Walking
188,176,High-Intensity Running/Sprinting
149,133,Jogging
188,170,High-Intensity Running/Sprinting
133,111,Brisk Walking
80,90,Light Walking
140,131,Jogging
50,52,Sedentary
163,153,Running
178,150,Running
136,112,Brisk Walking
152,133,Jogging
161,157,Running
164,157,Running
117,96,Light Walking
49,51,Sedentary
151,138,Jogging
196,177,High-Intensity Running/Sprinting
45,33,Sedentary
59,27,Sedentary
197,172,High-Intensity Running/Sprinting
193,160,High-Intensity Running/Sprinting
50,1,Sedentary
191,169,High-Intensity Running/Sprinting
123,126,Brisk Walking
128,119,Brisk Walking
40,14,Sedentary
82,101,Light Walking
47,38,Sedentary
56,62,Sedentary
99,96,Light Walking
78,99,Light Walking
134,119,Brisk Walking
46,50,Sedentary
190,176,High-Intensity Running/Sprinting
134,120,Brisk Walking
42,66,Sedentary
174,157,Running
193,179,High-Intensity Running/Sprinting
53,44,Sedentary
171,141,Running
120,113,Brisk Walking
122,110,Brisk Walking
194,168,High-Intensity Running/Sprinting
127,117,Brisk Walking
166,156,Running
171,144,Running
94,103,Light Walking
149,134,Jogging
108,109,Light Walking
199,160,High-Intensity Running/Sprinting
103,98,Light Walking
97,93,Light Walking
47,32,Sedentary
87,93,Light Walking
158,134,Jogging
153,130,Jogging
76,107,Light Walking
160,149,Running
116,98,Light Walking
126,126,Brisk Walking
137,110,Brisk Walking
195,174,High-Intensity Running/Sprinting
69,108,Light Walking
173,145,Running
41,77,Sedentary
95,104,Light Walking
149,133,Jogging
194,170,High-Intensity Running/Sprinting
76,107,Light Walking
56,87,Sedentary
163,152,Running
128,110,Brisk Walking
197,179,High-Intensity Running/Sprinting
153,133,Jogging
136,118,Brisk Walking
167,146,Running
130,114,Brisk Walking
52,17,Sedentary
177,140,Running
119,109,Light Walking
168,140,Running
133,117,Brisk Walking
170,147,Running
84,103,Light Walking
51,79,Sedentary
43,18,Sedentary
197,170,High-Intensity Running/Sprinting
181,171,High-Intensity Running/Sprinting
119,93,Light Walking
179,146,Running
162,140,Running
45,1,Sedentary
173,140,Running
145,135,Jogging
186,174,High-Intensity Running/Sprinting
121,122,Brisk Walking
131,114,Brisk Walking
186,176,High-Intensity Running/Sprinting
174,146,Running
159,138,Jogging
113,99,Light Walking
142,137,Jogging
175,159,Running
153,135,Jogging
47,26,Sedentary
151,133,Jogging
148,131,Jogging
151,133,Jogging
123,115,Brisk Walking
122,116,Brisk Walking
124,122,Brisk Walking
47,16,Sedentary
189,175,High-Intensity Running/Sprinting
54,19,Sedentary
127,119,Brisk Walking
96,103,Light Walking
46,36,Sedentary
125,126,Brisk Walking
120,120,Brisk Walking
132,129,Brisk Walking
188,179,High-Intensity Running/Sprinting
178,141,Running
141,134,Jogging
184,163,High-Intensity Running/Sprinting
43,83,Sedentary
57,50,Sedentary
80,90,Light Walking
129,113,Brisk Walking
142,136,Jogging
93,107,Light Walking
166,154,Running
155,134,Jogging
189,173,High-Intensity Running/Sprinting
116,96,Light Walking
147,134,Jogging
199,172,High-Intensity Running/Sprinting
140,131,Jogging
65,94,Light Walking
149,139,Jogging
181,166,High-Intensity Running/Sprinting
181,173,High-Intensity Running/Sprinting
188,172,High-Intensity Running/Sprinting
148,137,Jogging
183,178,High-Intensity Running/Sprinting
188,164,High-Intensity Running/Sprinting
182,169,High-Intensity Running/Sprinting
195,165,High-Intensity Running/Sprinting
86,91,Light Walking
187,162,High-Intensity Running/Sprinting
128,124,Brisk Walking
183,166,High-Intensity Running/Sprinting
184,178,High-Intensity Running/Sprinting
170,158,Running
143,133,Jogging
46,5,Sedentary
174,157,Running
169,145,Running
90,97,Light Walking
163,148,Running
142,138,Jogging
70,98,Light Walking
172,157,Running
199,164,High-Intensity Running/Sprinting
135,126,Brisk Walking
168,153,Running
160,158,Running
171,148,Running
137,124,Brisk Walking
195,165,High-Intensity Running/Sprinting
139,115,Brisk Walking
190,179,High-Intensity Running/Sprinting
170,158,Running
177,143,Running
144,134,Jogging
133,126,Brisk Walking
190,173,High-Intensity Running/Sprinting
168,150,Running
65,100,Light Walking
184,160,High-Intensity Running/Sprinting
197,165,High-Intensity Running/Sprinting
154,137,Jogging
163,140,Running
185,176,High-Intensity Running/Sprinting
168,150,Running
180,165,High-Intensity Running/Sprinting
82,103,Light Walking
194,171,High-Intensity Running/Sprinting
142,138,Jogging
126,111,Brisk Walking
64,90,Light Walking
183,160,High-Intensity Running/Sprinting
124,112,Brisk Walking
69,106,Light Walking
133,129,Brisk Walking
134,112,Brisk Walking
102,109,Light Walking
40,17,Sedentary
117,108,Light Walking
79,94,Light Walking
177,150,Running
101,100,Light Walking
166,145,Running
140,135,Jogging
145,130,Jogging
186,172,High-Intensity Running/Sprinting
88,92,Light Walking
193,179,High-Intensity Running/Sprinting
46,0,Sedentary
142,139,Jogging
126,127,Brisk Walking
130,110,Brisk Walking
145,139,Jogging
135,116,Brisk Walking
186,170,High-Intensity Running/Sprinting
50,20,Sedentary
74,93,Light Walking
161,145,Running
42,59,Sedentary
130,121,Brisk Walking
152,133,Jogging
71,100,Light Walking
110,100,Light Walking
45,1,Sedentary
142,136,Jogging
55,41,Sedentary
160,156,Running
138,127,Brisk Walking
141,131,Jogging
138,123,Brisk Walking
55,25,Sedentary
141,132,Jogging
184,175,High-Intensity Running/Sprinting
191,163,High-Intensity Running/Sprinting
178,142,Running
138,114,Brisk Walking
73,103,Light Walking
41,74,Sedentary
127,116,Brisk Walking
169,147,Running
147,134,Jogging
111,102,Light Walking
189,168,High-Intensity Running/Sprinting
197,161,High-Intensity Running/Sprinting
55,73,Sedentary
181,171,High-Intensity Running/Sprinting
145,130,Jogging
132,126,Brisk Walking
96,105,Light Walking
115,93,Light Walking
41,32,Sedentary
171,145,Running
54,7,Sedentary
124,124,Brisk Walking
77,98,Light Walking
159,138,Jogging
52,72,Sedentary
150,139,Jogging
54,42,Sedentary
160,142,Running
162,149,Running
176,140,Running
163,153,Running
157,138,Jogging
148,139,Jogging
187,175,High-Intensity Running/Sprinting
156,137,Jogging
126,115,Brisk Walking
76,99,Light Walking
188,168,High-Intensity Running/Sprinting
174,157,Running
45,4,Sedentary
123,111,Brisk Walking
68,98,Light Walking
60,93,Light Walking
162,156,Running
50,65,Sedentary
113,98,Light Walking
46,2,Sedentary
106,107,Light Walking
55,45,Sedentary
113,102,Light Walking
138,110,Brisk Walking
45,80,Sedentary
144,132,Jogging
145,136,Jogging
44,83,Sedentary
143,137,Jogging
133,111,Brisk Walking
199,177,High-Intensity Running/Sprinting
181,174,High-Intensity Running/Sprinting
124,127,Brisk Walking
163,150,Running
87,90,Light Walking
184,164,High-Intensity Running/Sprinting
43,43,Sedentary
54,17,Sedentary
141,130,Jogging
93,105,Light Walking
169,155,Running
48,75,Sedentary
187,170,High-Intensity Running/Sprinting
143,135,Jogging
50,65,Sedentary
168,151,Running
127,125,Brisk Walking
185,173,High-Intensity Running/Sprinting
193,175,High-Intensity Running/Sprinting
85,102,Light Walking
50,82,Sedentary
123,114,Brisk Walking
80,99,Light Walking
170,154,Running
139,122,Brisk Walking
176,150,Running
156,137,Jogging
60,101,Light Walking
99,107,Light Walking
178,147,Running
55,63,Sedentary
163,151,Running
116,90,Light Walking
174,141,Running
131,128,Brisk Walking
44,21,Sedentary
137,111,Brisk Walking
186,176,High-Intensity Running/Sprinting
50,56,Sedentary
58,44,Sedentary
169,159,Running
42,44,Sedentary
191,171,High-Intensity Running/Sprinting
134,112,Brisk Walking
113,93,Light Walking
137,115,Brisk Walking
158,131,Jogging
125,121,Brisk Walking
186,164,High-Intensity Running/Sprinting
147,137,Jogging
41,46,Sedentary
80,108,Light Walking
145,130,Jogging
80,90,Light Walking
54,17,Sedentary
104,108,Light Walking
86,102,Light Walking
60,93,Light Walking
150,133,Jogging
81,106,Light Walking
125,123,Brisk Walking
43,7,Sedentary
82,90,Light Walking
124,120,Brisk Walking
198,167,High-Intensity Running/Sprinting
182,166,High-Intensity Running/Sprinting
129,118,Brisk Walking
85,105,Light Walking
138,128,Brisk Walking
196,176,High-Intensity Running/Sprinting
135,116,Brisk Walking
126,114,Brisk Walking
48,48,Sedentary
56,89,Sedentary
65,108,Light Walking
106,92,Light Walking
120,129,Brisk Walking
106,106,Light Walking
189,178,High-Intensity Running/Sprinting
149,134,Jogging
79,93,Light Walking
94,108,Light Walking
181,174,High-Intensity Running/Sprinting
179,159,Running
152,136,Jogging
74,109,Light Walking
45,34,Sedentary
56,50,Sedentary
170,141,Running
151,133,Jogging
58,54,Sedentary
166,146,Running
173,140,Running
133,128,Brisk Walking
120,112,Brisk Walking
130,117,Brisk Walking
95,91,Light Walking
177,154,Running
56,1,Sedentary
71,103,Light Walking
72,96,Light Walking
43,78,Sedentary
173,144,Running
143,132,Jogging
66,97,Light Walking
192,179,High-Intensity Running/Sprinting
46,77,Sedentary
184,174,High-Intensity Running/Sprinting
122,128,Brisk Walking
122,128,Brisk Walking
156,139,Jogging
42,10,Sedentary
192,161,High-Intensity Running/Sprinting
159,133,Jogging
167,157,Running
185,171,High-Intensity Running/Sprinting
141,132,Jogging
46,43,Sedentary
52,4,Sedentary
152,133,Jogging
199,166,High-Intensity Running/Sprinting
166,154,Running
148,137,Jogging
103,97,Light Walking
63,92,Light Walking
188,161,High-Intensity Running/Sprinting
150,138,Jogging
145,137,Jogging
135,125,Brisk Walking
159,133,Jogging
129,116,Brisk Walking
53,63,Sedentary
172,142,Running
160,156,Running
191,173,High-Intensity Running/Sprinting
46,17,Sedentary
56,49,Sedentary
183,174,High-Intensity Running/Sprinting
166,159,Running
133,121,Brisk Walking
197,170,High-Intensity Running/Sprinting
54,0,Sedentary
190,161,High-Intensity Running/Sprinting
59,35,Sedentary
188,178,High-Intensity Running/Sprinting
144,135,Jogging
164,158,Running
94,102,Light Walking
131,112,Brisk Walking
120,129,Brisk Walking
130,115,Brisk Walking
100,101,Light Walking
42,65,Sedentary
176,153,Running
171,144,Running
56,58,Sedentary
180,177,High-Intensity Running/Sprinting
46,88,Sedentary
46,10,Sedentary
191,167,High-Intensity Running/Sprinting
191,177,High-Intensity Running/Sprinting
193,174,High-Intensity Running/Sprinting
114,106,Light Walking
186,169,High-Intensity Running/Sprinting
138,126,Brisk Walking
143,138,Jogging
91,105,Light Walking
159,131,Jogging
166,158,Running
182,161,High-Intensity Running/Sprinting
138,118,Brisk Walking
157,131,Jogging
74,103,Light Walking
144,130,Jogging
181,161,High-Intensity Running/Sprinting
139,129,Brisk Walking
72,94,Light Walking
125,114,Brisk Walking
59,61,Sedentary
147,132,Jogging
116,99,Light Walking
154,137,Jogging
197,174,High-Intensity Running/Sprinting
83,109,Light Walking
151,134,Jogging
54,35,Sedentary
50,4,Sedentary
163,141,Running
198,175,High-Intensity Running/Sprinting
43,87,Sedentary
138,113,Brisk Walking
181,175,High-Intensity Running/Sprinting
105,107,Light Walking
191,163,High-Intensity Running/Sprinting
49,54,Sedentary
186,172,High-Intensity Running/Sprinting
147,136,Jogging
149,137,Jogging
178,151,Running
137,115,Brisk Walking
135,126,Brisk Walking
172,156,Running
196,171,High-Intensity Running/Sprinting
175,156,Running
145,130,Jogging
128,114,Brisk Walking
113,108,Light Walking
153,131,Jogging
169,140,Running
70,96,Light Walking
185,171,High-Intensity Running/Sprinting
157,135,Jogging
74,106,Light Walking
156,134,Jogging
195,171,High-Intensity Running/Sprinting
135,121,Brisk Walking
45,44,Sedentary
49,14,Sedentary
166,158,Running
160,155,Running
184,169,High-Intensity Running/Sprinting
172,151,Running
178,157,Running
173,152,Running
134,112,Brisk Walking
101,107,Light Walking
121,121,Brisk Walking
147,139,Jogging
165,156,Running
133,127,Brisk Walking
194,161,High-Intensity Running/Sprinting
146,131,Jogging
102,109,Light Walking
139,122,Brisk Walking
130,127,Brisk Walking
164,143,Running
174,158,Running
73,92,Light Walking
53,38,Sedentary
177,148,Running
176,142,Running
153,134,Jogging
163,154,Running
166,157,Running
45,65,Sedentary
45,52,Sedentary
52,58,Sedentary
172,146,Running
193,170,High-Intensity Running/Sprinting
46,20,Sedentary
143,134,Jogging
156,138,Jogging
132,119,Brisk Walking
169,147,Running
135,124,Brisk Walking
177,153,Running
185,174,High-Intensity Running/Sprinting
167,150,Running
143,135,Jogging
156,137,Jogging
118,93,Light Walking
43,55,Sedentary
122,121,Brisk Walking
100,109,Light Walking
45,36,Sedentary
176,155,Running
162,144,Running
119,93,Light Walking
121,128,Brisk Walking
46,24,Sedentary
150,136,Jogging
82,106,Light Walking
152,130,Jogging
119,100,Light Walking
66,107,Light Walking
122,110,Brisk Walking
175,157,Running
138,118,Brisk Walking
159,139,Jogging
55,5,Sedentary
57,76,Sedentary
155,131,Jogging
193,161,High-Intensity Running/Sprinting
78,101,Light Walking
76,100,Light Walking
170,143,Running
67,106,Light Walking
45,77,Sedentary
57,75,Sedentary
140,131,Jogging
73,101,Light Walking
47,78,Sedentary
178,144,Running
191,163,High-Intensity Running/Sprinting
164,140,Running
75,92,Light Walking
164,144,Running
107,101,Light Walking
193,179,High-Intensity Running/Sprinting
198,166,High-Intensity Running/Sprinting
70,99,Light Walking
56,49,Sedentary
56,25,Sedentary
112,99,Light Walking
143,137,Jogging
146,138,Jogging
105,103,Light Walking
78,96,Light Walking
70,105,Light Walking
84,103,Light Walking
144,136,Jogging
137,117,Brisk Walking
164,148,Running
124,128,Brisk Walking
148,132,Jogging
175,154,Running
186,168,High-Intensity Running/Sprinting
119,108,Light Walking
160,142,Running
120,113,Brisk Walking
111,109,Light Walking
133,117,Brisk Walking
141,133,Jogging
73,102,Light Walking
123,127,Brisk Walking
187,161,High-Intensity Running/Sprinting
178,145,Running
194,166,High-Intensity Running/Sprinting
135,116,Brisk Walking
165,144,Running
139,128,Brisk Walking
108,109,Light Walking
129,114,Brisk Walking
124,126,Brisk Walking
58,51,Sedentary
165,152,Running
135,118,Brisk Walking
197,175,High-Intensity Running/Sprinting
145,132,Jogging
131,126,Brisk Walking
195,178,High-Intensity Running/Sprinting
145,132,Jogging
147,134,Jogging
194,173,High-Intensity Running/Sprinting
59,68,Sedentary
138,126,Brisk Walking
53,53,Sedentary
141,136,Jogging
85,106,Light Walking
195,170,High-Intensity Running/Sprinting
45,34,Sedentary
172,157,Running
183,171,High-Intensity Running/Sprinting
192,172,High-Intensity Running/Sprinting
199,167,High-Intensity Running/Sprinting
192,170,High-Intensity Running/Sprinting
161,154,Running
162,140,Running
133,115,Brisk Walking
130,122,Brisk Walking
59,12,Sedentary
170,140,Running
55,73,Sedentary
139,117,Brisk Walking
57,80,Sedentary
42,66,Sedentary
127,125,Brisk Walking
169,142,Running
54,18,Sedentary
56,50,Sedentary
170,159,Running
190,168,High-Intensity Running/Sprinting
145,136,Jogging
149,132,Jogging
167,151,Running
100,92,Light Walking
158,137,Jogging
167,155,Running
177,142,Running
131,120,Brisk Walking
139,114,Brisk Walking
121,124,Brisk Walking
185,178,High-Intensity Running/Sprinting
107,96,Light Walking
45,43,Sedentary
182,167,High-Intensity Running/Sprinting
54,81,Sedentary
51,85,Sedentary
199,162,High-Intensity Running/Sprinting
188,161,High-Intensity Running/Sprinting
130,114,Brisk Walking
133,110,Brisk Walking
170,148,Running
125,118,Brisk Walking
194,162,High-Intensity Running/Sprinting
107,90,Light Walking
43,69,Sedentary
99,106,Light Walking
172,152,Running
57,38,Sedentary
188,176,High-Intensity Running/Sprinting
73,99,Light Walking
135,123,Brisk Walking
197,164,High-Intensity Running/Sprinting
170,145,Running
170,145,Running
175,156,Running
155,137,Jogging
128,121,Brisk Walking
100,98,Light Walking
191,173,High-Intensity Running/Sprinting
162,149,Running
47,7,Sedentary
156,134,Jogging
126,112,Brisk Walking
147,139,Jogging
156,136,Jogging
189,160,High-Intensity Running/Sprinting
143,139,Jogging
133,120,Brisk Walking
79,98,Light Walking
187,174,High-Intensity Running/Sprinting
146,130,Jogging
190,167,High-Intensity Running/Sprinting
85,99,Light Walking
92,95,Light Walking
150,139,Jogging
97,104,Light Walking
121,116,Brisk Walking
180,162,High-Intensity Running/Sprinting
193,177,High-Intensity Running/Sprinting
117,105,Light Walking
174,148,Running
128,123,Brisk Walking
54,80,Sedentary
150,131,Jogging
124,110,Brisk Walking
101,106,Light Walking
147,132,Jogging
170,147,Running
149,133,Jogging
49,59,Sedentary
40,63,Sedentary
106,106,Light Walking
47,18,Sedentary
158,132,Jogging
120,127,Brisk Walking
132,117,Brisk Walking
58,60,Sedentary
137,120,Brisk Walking
41,3,Sedentary
42,45,Sedentary
128,110,Brisk Walking
167,141,Running
64,107,Light Walking
189,167,High-Intensity Running/Sprinting
120,119,Brisk Walking
139,112,Brisk Walking
121,128,Brisk Walking
115,102,Light Walking
141,135,Jogging
176,156,Running
180,160,High-Intensity Running/Sprinting
52,48,Sedentary
190,163,High-Intensity Running/Sprinting
172,156,Running
180,179,High-Intensity Running/Sprinting
199,160,High-Intensity Running/Sprinting
159,134,Jogging
89,92,Light Walking
198,176,High-Intensity Running/Sprinting
189,163,High-Intensity Running/Sprinting
128,129,Brisk Walking
46,21,Sedentary
79,98,Light Walking
156,134,Jogging
193,169,High-Intensity Running/Sprinting
147,136,Jogging
47,73,Sedentary
195,178,High-Intensity Running/Sprinting
110,97,Light Walking
173,147,Running
187,173,High-Intensity Running/Sprinting
111,100,Light Walking
50,47,Sedentary
193,168,High-Intensity Running/Sprinting
172,158,Running
125,129,Brisk Walking
69,94,Light Walking
166,148,Running
144,130,Jogging
100,91,Light Walking
135,122,Brisk Walking
40,11,Sedentary
170,154,Running
189,178,High-Intensity Running/Sprinting
71,100,Light Walking
58,46,Sedentary
53,50,Sedentary
151,137,Jogging
54,12,Sedentary
149,132,Jogging
61,105,Light Walking
187,168,High-Intensity Running/Sprinting
123,113,Brisk Walking
145,138,Jogging
192,179,High-Intensity Running/Sprinting
198,174,High-Intensity Running/Sprinting
49,71,Sedentary
189,175,High-Intensity Running/Sprinting
192,163,High-Intensity Running/Sprinting
55,26,Sedentary
162,149,Running
150,138,Jogging
46,34,Sedentary
145,139,Jogging
59,68,Sedentary
167,159,Running
48,60,Sedentary
124,128,Brisk Walking
153,138,Jogging
157,138,Jogging
46,69,Sedentary
164,149,Running
191,175,High-Intensity Running/Sprinting
151,139,Jogging
189,176,High-Intensity Running/Sprinting
165,146,Running
194,175,High-Intensity Running/Sprinting
115,91,Light Walking
120,119,Brisk Walking
137,117,Brisk Walking
139,127,Brisk Walking
102,105,Light Walking
58,61,Sedentary
194,173,High-Intensity Running/Sprinting
198,167,High-Intensity Running/Sprinting
127,121,Brisk Walking
54,0,Sedentary
178,158,Running
147,137,Jogging
52,42,Sedentary
182,168,High-Intensity Running/Sprinting
67,97,Light Walking
78,91,Light Walking
168,148,Running
129,113,Brisk Walking
121,121,Brisk Walking
185,167,High-Intensity Running/Sprinting
51,73,Sedentary
134,110,Brisk Walking
121,111,Brisk Walking
159,139,Jogging
190,169,High-Intensity Running/Sprinting
184,166,High-Intensity Running/Sprinting
112,93,Light Walking
195,177,High-Intensity Running/Sprinting
169,153,Running
154,136,Jogging
198,160,High-Intensity Running/Sprinting
156,139,Jogging
59,25,Sedentary
172,151,Running
130,111,Brisk Walking
103,104,Light Walking
194,167,High-Intensity Running/Sprinting
158,133,Jogging
127,115,Brisk Walking
66,105,Light Walking
139,125,Brisk Walking
45,35,Sedentary
161,146,Running
173,140,Running
103,107,Light Walking
168,158,Running
45,82,Sedentary
146,131,Jogging
61,95,Light Walking
62,109,Light Walking
53,52,Sedentary
151,134,Jogging
182,168,High-Intensity Running/Sprinting
98,103,Light Walking
171,146,Running
140,133,Jogging
152,132,Jogging
195,172,High-Intensity Running/Sprinting
162,155,Running
183,170,High-Intensity Running/Sprinting
136,128,Brisk Walking
121,115,Brisk Walking
199,162,High-Intensity Running/Sprinting
45,70,Sedentary
159,138,Jogging
114,98,Light Walking
138,110,Brisk Walking
191,165,High-Intensity Running/Sprinting
99,90,Light Walking
47,0,Sedentary
199,160,High-Intensity Running/Sprinting
133,128,Brisk Walking
192,174,High-Intensity Running/Sprinting
59,70,Sedentary
133,128,Brisk Walking
60,105,Light Walking
49,1,Sedentary
156,133,Jogging
167,146,Running
147,136,Jogging
133,112,Brisk Walking
100,104,Light Walking
176,159,Running
49,27,Sedentary
132,126,Brisk Walking
97,105,Light Walking
181,178,High-Intensity Running/Sprinting
48,63,Sedentary
52,72,Sedentary
43,62,Sedentary
58,66,Sedentary
54,81,Sedentary
168,144,Running
59,10,Sedentary
181,170,High-Intensity Running/Sprinting
192,178,High-Intensity Running/Sprinting
40,0,Sedentary
116,93,Light Walking
47,57,Sedentary
129,112,Brisk Walking
124,112,Brisk Walking
149,132,Jogging
47,45,Sedentary
138,118,Brisk Walking
142,138,Jogging
53,61,Sedentary
86,92,Light Walking
135,113,Brisk Walking
72,90,Light Walking
170,144,Running
86,95,Light Walking
137,115,Brisk Walking
53,68,Sedentary
43,79,Sedentary
137,116,Brisk Walking
40,13,Sedentary
56,73,Sedentary
151,135,Jogging
94,102,Light Walking
177,154,Running
130,124,Brisk Walking
169,157,Running
185,170,High-Intensity Running/Sprinting
102,99,Light Walking
197,165,High-Intensity Running/Sprinting
146,134,Jogging
122,119,Brisk Walking
179,159,Running
134,113,Brisk Walking
188,169,High-Intensity Running/Sprinting
115,105,Light Walking
152,135,Jogging
50,31,Sedentary
51,79,Sedentary
81,104,Light Walking
61,93,Light Walking
143,135,Jogging
157,133,Jogging
54,12,Sedentary
127,113,Brisk Walking
155,133,Jogging
137,115,Brisk Walking
81,98,Light Walking
170,148,Running
158,131,Jogging
47,55,Sedentary
174,143,Running
45,68,Sedentary
167,156,Running
177,147,Running
185,173,High-Intensity Running/Sprinting
196,165,High-Intensity Running/Sprinting
149,133,Jogging
92,101,Light Walking
128,119,Brisk Walking
43,48,Sedentary
51,64,Sedentary
146,131,Jogging
131,120,Brisk Walking
178,144,Running
174,153,Running
145,131,Jogging
139,124,Brisk Walking
179,154,Running
173,157,Running
179,146,Running
147,135,Jogging
154,137,Jogging
45,3,Sedentary
186,172,High-Intensity Running/Sprinting
47,54,Sedentary
94,92,Light Walking
79,92,Light Walking
66,104,Light Walking
120,118,Brisk Walking
170,149,Running
51,50,Sedentary
182,171,High-Intensity Running/Sprinting
162,149,Running
49,6,Sedentary
123,117,Brisk Walking
190,176,High-Intensity Running/Sprinting
191,160,High-Intensity Running/Sprinting
167,150,Running
157,139,Jogging
143,136,Jogging
195,161,High-Intensity Running/Sprinting
140,135,Jogging
135,112,Brisk Walking
196,178,High-Intensity Running/Sprinting
101,92,Light Walking
165,144,Running
129,115,Brisk Walking
87,94,Light Walking
132,120,Brisk Walking
197,175,High-Intensity Running/Sprinting
193,161,High-Intensity Running/Sprinting
186,167,High-Intensity Running/Sprinting
152,135,Jogging
128,115,Brisk Walking
152,136,Jogging
42,11,Sedentary
148,137,Jogging
184,166,High-Intensity Running/Sprinting
151,134,Jogging
142,131,Jogging
180,162,High-Intensity Running/Sprinting
96,91,Light Walking
164,143,Running
153,130,Jogging
114,108,Light Walking
133,123,Brisk Walking
144,138,Jogging
136,121,Brisk Walking
195,176,High-Intensity Running/Sprinting
143,137,Jogging
56,43,Sedentary
84,94,Light Walking
77,91,Light Walking
79,108,Light Walking
50,87,Sedentary
57,74,Sedentary
85,100,Light Walking
91,97,Light Walking
49,78,Sedentary
189,177,High-Intensity Running/Sprinting
98,91,Light Walking
130,121,Brisk Walking
189,168,High-Intensity Running/Sprinting
193,166,High-Intensity Running/Sprinting
53,60,Sedentary
196,166,High-Intensity Running/Sprinting
179,144,Running
196,168,High-Intensity Running/Sprinting
196,178,High-Intensity Running/Sprinting
43,62,Sedentary
119,92,Light Walking
53,38,Sedentary
138,110,Brisk Walking
41,25,Sedentary
46,62,Sedentary
185,171,High-Intensity Running/Sprinting
126,112,Brisk Walking
180,167,High-Intensity Running/Sprinting
184,160,High-Intensity Running/Sprinting
85,106,Light Walking
73,105,Light Walking
182,171,High-Intensity Running/Sprinting
89,107,Light Walking
46,71,Sedentary
139,127,Brisk Walking
59,43,Sedentary
67,92,Light Walking
168,153,Running
164,146,Running
149,132,Jogging
165,145,Running
90,93,Light Walking
161,155,Running
53,29,Sedentary
175,148,Running
173,155,Running
135,126,Brisk Walking
187,174,High-Intensity Running/Sprinting
164,159,Running
197,172,High-Intensity Running/Sprinting
99,97,Light Walking
109,96,Light Walking
50,53,Sedentary
48,65,Sedentary
111,101,Light Walking
54,42,Sedentary
145,130,Jogging
57,38,Sedentary
54,89,Sedentary
54,55,Sedentary
82,97,Light Walking
160,158,Running
181,168,High-Intensity Running/Sprinting
51,39,Sedentary
151,132,Jogging
147,135,Jogging
151,130,Jogging
185,175,High-Intensity Running/Sprinting
160,159,Running
144,132,Jogging
197,174,High-Intensity Running/Sprinting
193,166,High-Intensity Running/Sprinting
59,7,Sedentary
136,127,Brisk Walking
138,127,Brisk Walking
192,170,High-Intensity Running/Sprinting
52,73,Sedentary
46,31,Sedentary
145,138,Jogging
51,45,Sedentary
41,64,Sedentary
185,171,High-Intensity Running/Sprinting
43,39,Sedentary
161,151,Running
47,27,Sedentary
186,177,High-Intensity Running/Sprinting
128,119,Brisk Walking
84,99,Light Walking
125,121,Brisk Walking
176,159,Running
174,141,Running
154,138,Jogging
168,147,Running
145,134,Jogging
139,129,Brisk Walking
156,132,Jogging
59,55,Sedentary
133,126,Brisk Walking
155,139,Jogging
124,115,Brisk Walking
86,106,Light Walking
150,131,Jogging
66,97,Light Walking
42,51,Sedentary
44,0,Sedentary
165,157,Running
137,124,Brisk Walking
144,133,Jogging
137,114,Brisk Walking
88,108,Light Walking
162,144,Running
174,145,Running
141,131,Jogging
65,109,Light Walking
55,88,Sedentary
145,139,Jogging
49,86,Sedentary
184,164,High-Intensity Running/Sprinting
48,30,Sedentary
55,15,Sedentary
177,150,Running
174,154,Running
142,132,Jogging
80,106,Light Walking
166,142,Running
161,156,Running
161,150,Running
144,132,Jogging
166,145,Running
137,112,Brisk Walking
191,176,High-Intensity Running/Sprinting
148,135,Jogging
152,133,Jogging
132,121,Brisk Walking
151,139,Jogging
160,158,Running
163,149,Running
170,147,Running
147,136,Jogging
179,152,Running
179,154,Running
61,95,Light Walking
155,133,Jogging
194,160,High-Intensity Running/Sprinting
43,74,Sedentary
149,135,Jogging
128,119,Brisk Walking
135,118,Brisk Walking
144,138,Jogging
78,90,Light Walking
175,145,Running
63,105,Light Walking
146,139,Jogging
146,133,Jogging
45,18,Sedentary
162,148,Running
170,155,Running
54,9,Sedentary
129,127,Brisk Walking
133,120,Brisk Walking
173,157,Running
103,106,Light Walking
155,135,Jogging
191,178,High-Intensity Running/Sprinting
89,94,Light Walking
57,16,Sedentary
57,65,Sedentary
113,100,Light Walking
129,121,Brisk Walking
162,151,Running
138,129,Brisk Walking
191,164,High-Intensity Running/Sprinting
139,120,Brisk Walking
53,70,Sedentary
138,121,Brisk Walking
91,96,Light Walking
142,133,Jogging
175,146,Running
151,134,Jogging
181,166,High-Intensity Running/Sprinting
80,105,Light Walking
131,113,Brisk Walking
135,127,Brisk Walking
142,139,Jogging
50,64,Sedentary
104,100,Light Walking
94,95,Light Walking
49,88,Sedentary
142,135,Jogging
132,116,Brisk Walking
128,118,Brisk Walking
128,123,Brisk Walking
147,136,Jogging
192,168,High-Intensity Running/Sprinting
58,63,Sedentary
46,38,Sedentary
186,166,High-Intensity Running/Sprinting
179,142,Running
174,140,Running
197,165,High-Intensity Running/Sprinting
52,65,Sedentary
128,117,Brisk Walking
54,27,Sedentary
168,140,Running
103,106,Light Walking
85,109,Light Walking
173,144,Running
158,133,Jogging
149,136,Jogging
49,82,Sedentary
145,130,Jogging
135,129,Brisk Walking
121,117,Brisk Walking
54,83,Sedentary
91,90,Light Walking
148,137,Jogging
199,176,High-Intensity Running/Sprinting
137,111,Brisk Walking
131,117,Brisk Walking
185,178,High-Intensity Running/Sprinting
173,143,Running
80,93,Light Walking
141,137,Jogging
194,172,High-Intensity Running/Sprinting
111,93,Light Walking
124,123,Brisk Walking
49,20,Sedentary
193,162,High-Intensity Running/Sprinting
187,172,High-Intensity Running/Sprinting
190,160,High-Intensity Running/Sprinting
193,175,High-Intensity Running/Sprinting
73,97,Light Walking
177,155,Running
51,44,Sedentary
41,73,Sedentary
140,136,Jogging
149,136,Jogging
144,134,Jogging
186,164,High-Intensity Running/Sprinting
128,110,Brisk Walking
56,47,Sedentary
135,114,Brisk Walking
154,130,Jogging
180,170,High-Intensity Running/Sprinting
195,163,High-Intensity Running/Sprinting
83,109,Light Walking
160,150,Running
198,170,High-Intensity Running/Sprinting
79,99,Light Walking
160,157,Running
125,120,Brisk Walking
178,159,Running
167,140,Running
153,139,Jogging
84,94,Light Walking
172,144,Running
143,134,Jogging
71,91,Light Walking
155,134,Jogging
125,121,Brisk Walking
101,108,Light Walking
146,137,Jogging
145,130,Jogging
140,132,Jogging
169,140,Running
192,164,High-Intensity Running/Sprinting
47,76,Sedentary
149,137,Jogging
41,19,Sedentary
182,176,High-Intensity Running/Sprinting
167,151,Running
164,157,Running
60,108,Light Walking
80,91,Light Walking
185,160,High-Intensity Running/Sprinting
120,123,Brisk Walking
183,169,High-Intensity Running/Sprinting
114,97,Light Walking
183,166,High-Intensity Running/Sprinting
144,138,Jogging
190,170,High-Intensity Running/Sprinting
149,139,Jogging
163,151,Running
167,150,Running
75,99,Light Walking
179,143,Running
190,179,High-Intensity Running/Sprinting
198,179,High-Intensity Running/Sprinting
54,8,Sedentary
46,5,Sedentary
50,30,Sedentary
191,163,High-Intensity Running/Sprinting
154,130,Jogging
117,90,Light Walking
101,106,Light Walking
192,179,High-Intensity Running/Sprinting
122,126,Brisk Walking
50,5,Sedentary
52,80,Sedentary
51,65,Sedentary
66,91,Light Walking
181,166,High-Intensity Running/Sprinting
156,134,Jogging
58,88,Sedentary
166,148,Running
164,143,Running
137,126,Brisk Walking
192,174,High-Intensity Running/Sprinting
83,106,Light Walking
190,174,High-Intensity Running/Sprinting
167,148,Running
107,108,Light Walking
129,121,Brisk Walking
54,85,Sedentary
110,102,Light Walking
150,134,Jogging
149,134,Jogging
146,133,Jogging
132,123,Brisk Walking
181,160,High-Intensity Running/Sprinting
59,43,Sedentary
197,172,High-Intensity Running/Sprinting
41,12,Sedentary
64,104,Light Walking
150,134,Jogging
74,92,Light Walking
176,141,Running
55,83,Sedentary
43,73,Sedentary
190,168,High-Intensity Running/Sprinting
124,116,Brisk Walking
59,79,Sedentary
57,89,Sedentary
49,82,Sedentary
136,114,Brisk Walking
48,64,Sedentary
46,45,Sedentary
51,38,Sedentary
186,174,High-Intensity Running/Sprinting
51,40,Sedentary
102,107,Light Walking
86,98,Light Walking
122,126,Brisk Walking
42,69,Sedentary
156,132,Jogging
138,124,Brisk Walking
52,81,Sedentary
165,149,Running
174,141,Running
42,63,Sedentary
180,168,High-Intensity Running/Sprinting
174,141,Running
192,166,High-Intensity Running/Sprinting
157,132,Jogging
97,109,Light Walking
43,12,Sedentary
124,118,Brisk Walking
45,65,Sedentary
113,103,Light Walking
138,118,Brisk Walking
121,120,Brisk Walking
156,132,Jogging
182,168,High-Intensity Running/Sprinting
167,142,Running
72,107,Light Walking
113,106,Light Walking
85,97,Light Walking
69,102,Light Walking
192,163,High-Intensity Running/Sprinting
106,97,Light Walking
159,135,Jogging
190,168,High-Intensity Running/Sprinting
64,98,Light Walking
140,130,Jogging
42,16,Sedentary
49,68,Sedentary
131,115,Brisk Walking
83,107,Light Walking
189,169,High-Intensity Running/Sprinting
138,129,Brisk Walking
121,123,Brisk Walking
180,163,High-Intensity Running/Sprinting
188,163,High-Intensity Running/Sprinting
151,139,Jogging
191,162,High-Intensity Running/Sprinting
182,174,High-Intensity Running/Sprinting
190,168,High-Intensity Running/Sprinting
53,45,Sedentary
144,136,Jogging
85,95,Light Walking
140,132,Jogging
183,172,High-Intensity Running/Sprinting
160,144,Running
101,94,Light Walking
144,130,Jogging
194,177,High-Intensity Running/Sprinting
189,175,High-Intensity Running/Sprinting
160,141,Running
184,179,High-Intensity Running/Sprinting
44,9,Sedentary
191,170,High-Intensity Running/Sprinting
55,42,Sedentary
137,127,Brisk Walking
182,165,High-Intensity Running/Sprinting
154,134,Jogging
139,111,Brisk Walking
171,152,Running
80,95,Light Walking
173,141,Running
121,126,Brisk Walking
65,104,Light Walking
160,152,Running
153,135,Jogging
125,118,Brisk Walking
126,121,Brisk Walking
101,97,Light Walking
131,127,Brisk Walking
138,129,Brisk Walking
140,133,Jogging
142,139,Jogging
65,94,Light Walking
168,156,Running
60,102,Light Walking
176,150,Running
58,79,Sedentary
120,116,Brisk Walking
107,92,Light Walking
124,113,Brisk Walking
58,62,Sedentary
159,134,Jogging
94,97,Light Walking
187,179,High-Intensity Running/Sprinting
127,113,Brisk Walking
166,157,Running
190,166,High-Intensity Running/Sprinting
95,103,Light Walking
42,69,Sedentary
126,111,Brisk Walking
152,132,Jogging
160,141,Running
49,9,Sedentary
44,66,Sedentary
133,111,Brisk Walking
170,153,Running
98,96,Light Walking
128,111,Brisk Walking
124,118,Brisk Walking
76,92,Light Walking
150,136,Jogging
171,154,Running
105,98,Light Walking
139,129,Brisk Walking
140,132,Jogging
174,146,Running
50,76,Sedentary
40,21,Sedentary
155,133,Jogging
74,99,Light Walking
125,121,Brisk Walking
176,149,Running
185,173,High-Intensity Running/Sprinting
142,138,Jogging
122,114,Brisk Walking
47,75,Sedentary
147,130,Jogging
56,71,Sedentary
103,103,Light Walking
161,147,Running
130,128,Brisk Walking
183,165,High-Intensity Running/Sprinting
117,93,Light Walking
153,137,Jogging
152,137,Jogging
102,107,Light Walking
52,34,Sedentary
136,121,Brisk Walking
137,120,Brisk Walking
165,158,Running
163,157,Running
124,118,Brisk Walking
62,93,Light Walking
150,139,Jogging
118,90,Light Walking
148,136,Jogging
193,170,High-Intensity Running/Sprinting
176,149,Running
198,174,High-Intensity Running/Sprinting
190,162,High-Intensity Running/Sprinting
155,132,Jogging
48,59,Sedentary
64,103,Light Walking
75,99,Light Walking
183,165,High-Intensity Running/Sprinting
120,111,Brisk Walking
146,137,Jogging
148,136,Jogging
49,38,Sedentary
173,153,Running
192,170,High-Intensity Running/Sprinting
136,113,Brisk Walking
173,146,Running
132,114,Brisk Walking
58,57,Sedentary
197,160,High-Intensity Running/Sprinting
172,144,Running
198,161,High-Intensity Running/Sprinting
41,65,Sedentary
129,113,Brisk Walking
130,128,Brisk Walking
46,64,Sedentary
47,9,Sedentary
160,154,Running
189,176,High-Intensity Running/Sprinting
161,157,Running
97,100,Light Walking
174,143,Running
158,133,Jogging
129,123,Brisk Walking
152,135,Jogging
161,140,Running
173,142,Running
82,91,Light Walking
166,149,Running
138,116,Brisk Walking
148,133,Jogging
107,104,Light Walking
56,79,Sedentary
83,94,Light Walking
124,117,Brisk Walking
131,113,Brisk Walking
149,138,Jogging
89,100,Light Walking
123,116,Brisk Walking
133,121,Brisk Walking
133,120,Brisk Walking
189,174,High-Intensity Running/Sprinting
162,144,Running
198,164,High-Intensity Running/Sprinting
52,43,Sedentary
47,59,Sedentary
128,124,Brisk Walking
160,145,Running
163,143,Running
138,114,Brisk Walking
190,167,High-Intensity Running/Sprinting
183,163,High-Intensity Running/Sprinting
43,44,Sedentary
192,161,High-Intensity Running/Sprinting
161,150,Running
61,93,Light Walking
139,128,Brisk Walking
168,146,Running
51,32,Sedentary
133,124,Brisk Walking
144,138,Jogging
135,125,Brisk Walking
168,159,Running
148,130,Jogging
129,112,Brisk Walking
184,164,High-Intensity Running/Sprinting
176,147,Running
168,144,Running
183,162,High-Intensity Running/Sprinting
169,143,Running
171,147,Running
181,179,High-Intensity Running/Sprinting
144,138,Jogging
75,92,Light Walking
129,110,Brisk Walking
188,177,High-Intensity Running/Sprinting
195,176,High-Intensity Running/Sprinting
177,148,Running
169,158,Running
74,90,Light Walking
186,165,High-Intensity Running/Sprinting
150,136,Jogging
133,123,Brisk Walking
167,140,Running
121,129,Brisk Walking
121,114,Brisk Walking
90,96,Light Walking
52,72,Sedentary
196,171,High-Intensity Running/Sprinting
183,171,High-Intensity Running/Sprinting
57,5,Sedentary
180,171,High-Intensity Running/Sprinting
137,129,Brisk Walking
54,43,Sedentary
180,174,High-Intensity Running/Sprinting
152,136,Jogging
184,173,High-Intensity Running/Sprinting
78,102,Light Walking
177,143,Running
48,34,Sedentary
153,133,Jogging
88,90,Light Walking
162,143,Running
199,161,High-Intensity Running/Sprinting
135,112,Brisk Walking
178,143,Running
150,138,Jogging
97,90,Light Walking
60,103,Light Walking
160,157,Running
85,102,Light Walking
151,131,Jogging
59,12,Sedentary
142,138,Jogging
160,149,Running
51,86,Sedentary
112,101,Light Walking
113,100,Light Walking
58,34,Sedentary
135,122,Brisk Walking
145,138,Jogging
180,167,High-Intensity Running/Sprinting
139,116,Brisk Walking
187,170,High-Intensity Running/Sprinting
194,179,High-Intensity Running/Sprinting
197,179,High-Intensity Running/Sprinting
188,163,High-Intensity Running/Sprinting
124,128,Brisk Walking
121,125,Brisk Walking
125,123,Brisk Walking
169,153,Running
164,158,Running
